carrier,0
CCGT,0.0
CSP,1040.4847949999998
OCGT,0.0
biomass,402.5134129999999
coal,79680.51979696823
gas,210.0
hydro,2418.298664
hydro-import,5038.913678
load_shedding,0.0
nuclear,5315.586638
onwind,20267.878767000002
solar,8621.514781
