Network,Objective
n0,225.93340535805768
n1,229.7720882851589
n2,240.5802726747477
n3,285.36776897059127
