Network,Objective
n0,12.784096908183017
n1,15.389318635379016
n2,12.784100887747204
n3,12.78410046526792
