Network,Objective
n0,186.73382713976088
n1,195.00357920859693
n2,186.7335762553958
n3,213.8783344477501
