Network,Objective
n0,209.55349078372743
n1,134.52993005865716
